account,seed,run_name,epochs,PE_1h,RMSE_45min,PE_6h,RMSE_6h,PE_12h,RMSE_12h,upper_bound
1,42,wider_delay_1.5h_seed42,40,0.986381703782685,0.09215492755174637,0.9066601573552926,0.24126273393630981,0.8610633082873137,0.29434797167778015,1.5
1,42,wider_delay_2.0h_seed42,40,0.9868086838003093,0.0906987339258194,0.9067723920827673,0.24111764132976532,0.862879887286394,0.29241734743118286,2.0
2,42,wider_delay_2.5h_seed42,40,0.9864494937022736,0.09192527085542679,0.9054523616271819,0.2428186535835266,0.8630829507197972,0.2922007441520691,2.5
2,42,wider_delay_3.0h_seed42,40,0.9855163787208224,0.09503766149282455,0.8934700081665197,0.2577464282512665,0.8499878085476962,0.3058551847934723,3.0
3,42,wider_delay_3.5h_seed42,40,0.9862298589625806,0.09266726672649384,0.9001122932703394,0.2495816946029663,0.8490654326873662,0.30679404735565186,3.5
3,42,wider_delay_4.0h_seed42,40,0.9861787910144767,0.09283894300460815,0.9014649224542529,0.2478860765695572,0.8571793079271679,0.2984338700771332,4.0
4,43,wider_delay_1.5h_seed43,40,0.9859165068096001,0.09371569752693176,0.8988817077037512,0.2511143684387207,0.8560271415858633,0.29963523149490356,1.5
4,43,wider_delay_2.0h_seed43,40,0.9860691715245286,0.09320637583732605,0.8998807389534151,0.24987080693244934,0.8572138846261717,0.2983977496623993,2.0
5,43,wider_delay_2.5h_seed43,40,0.9861378575040342,0.09297631680965424,0.9018708862401654,0.24737490713596344,0.8591370731225606,0.2963813841342926,2.5
5,43,wider_delay_3.0h_seed43,40,0.9865698345491289,0.0915161743760109,0.9065189200941852,0.24144519865512848,0.8607999447157375,0.29462680220603943,3.0
6,43,wider_delay_3.5h_seed43,40,0.986833216427404,0.09061435610055923,0.9028892724247355,0.2460879236459732,0.8588212232210868,0.2967134714126587,3.5
6,43,wider_delay_2.0h_seed43,40,0.9859315516556068,0.09366562962532043,0.901332842944754,0.24805216491222382,0.8598908547190194,0.29558733105659485,2.0
7,44,wider_delay_1.5h_seed44,40,0.9860702766650928,0.09320268034934998,0.898169386361749,0.25199729204177856,0.8532564655323084,0.30250462889671326,1.5
7,44,wider_delay_2.0h_seed44,40,0.9861121137026183,0.09306260943412781,0.9009540835951263,0.24852780997753143,0.8559009617247094,0.29976651072502136,2.0
8,44,wider_delay_2.5h_seed44,40,0.9866593076252762,0.09121081978082657,0.9017611784069701,0.24751314520835876,0.856340900636499,0.29930853843688965,2.5
8,44,wider_delay_3.0h_seed44,40,0.9857594125718152,0.09423692524433136,0.9014470310869553,0.2479085773229599,0.8521921388216451,0.30359968543052673,3.0
9,44,wider_delay_3.5h_seed44,40,0.9858505792012056,0.0939347967505455,0.9006475826691485,0.248912051320076,0.8570177986607084,0.2986025810241699,3.5
9,44,wider_delay_4.0h_seed44,40,0.9865064562311984,0.09173185378313065,0.8986367841447528,0.2514183223247528,0.851788771877945,0.3040136694908142,4.0
10,45,wider_delay_1.5h_seed45,40,0.9854251762490354,0.0953364148736,0.8926844845491037,0.25869494676589966,0.839899058978786,0.3159726560115814,1.5
10,45,wider_delay_2.0h_seed45,40,0.9864097101353914,0.09206011891365051,0.8983742141420158,0.25174373388290405,0.8478546269408402,0.308022141456604,2.0
10,45,wider_delay_2.5h_seed45,40,0.9865608724565256,0.09154669940471649,0.9046597770427723,0.24383430182933807,0.8629726852204516,0.2923183739185333,2.5
10,45,wider_delay_3.0h_seed45,40,0.9857670410285754,0.09421168267726898,0.8969315904845337,0.2535242438316345,0.8530354805202922,0.30273231863975525,3.0
10,45,wider_delay_3.5h_seed45,40,0.9862298410413823,0.09266732633113861,0.8992099769577532,0.25070643424987793,0.8601176463225061,0.29534798860549927,3.5
10,45,wider_delay_4.0h_seed45,40,0.9866357965064869,0.0912911519408226,0.9030064653608436,0.24593938887119293,0.8423268952334761,0.31356772780418396,4.0
11,46,wider_delay_1.5h_seed46,40,0.9861195524933627,0.0930376872420311,0.9042227139386123,0.24439255893230438,0.8594518238338795,0.2960500717163086,1.5
11,46,wider_delay_2.0h_seed46,40,0.9861335235609022,0.09299085289239883,0.9012495988034213,0.24815677106380463,0.8588572694895369,0.29667559266090393,2.0
11,46,wider_delay_2.5h_seed46,40,0.9861659011925704,0.09288222342729568,0.9024312414744271,0.24666759371757507,0.8576389247322744,0.2979532778263092,2.5
11,46,wider_delay_3.0h_seed46,40,0.9860258604684395,0.09335115551948547,0.8985425542857371,0.2515351474285126,0.8622148294517882,0.29312562942504883,3.0
11,46,wider_delay_3.5h_seed46,40,0.986443676779979,0.09194499999284744,0.9108628007041464,0.23576873540878296,0.8525544892457599,0.30322733521461487,3.5
11,46,wider_delay_4.0h_seed46,40,0.9864033092807175,0.09208179265260696,0.9015928203420128,0.24772514402866364,0.8487603954716556,0.3071039021015167,4.0
12,47,wider_delay_1.5h_seed47,40,0.9863708345758916,0.09219169616699219,0.9050505973842444,0.24333401024341583,0.8569075690045199,0.2987176477909088,1.5
12,47,wider_delay_2.0h_seed47,40,0.9859318712503105,0.09366456419229507,0.8981101745979249,0.2520705461502075,0.8487317926321893,0.30713292956352234,2.0
12,47,wider_delay_2.5h_seed47,40,0.9859188529931494,0.09370789676904678,0.8994529172332982,0.25040411949157715,0.858162688841096,0.2974046766757965,2.5
12,47,wider_delay_3.0h_seed47,40,0.9861893047841697,0.09280362725257874,0.8993243622335508,0.2505641281604767,0.8548513426562279,0.30085626244544983,3.0
12,47,wider_delay_3.5h_seed47,40,0.9858720697048821,0.09386343508958817,0.9032095965974334,0.2456817328929901,0.858256012474793,0.2973068356513977,3.5
12,47,wider_delay_4.0h_seed47,40,0.9858570158982761,0.09391342848539352,0.9009010845264571,0.24859429895877838,0.856594240071771,0.29904451966285706,4.0
13,48,wider_delay_1.5h_seed48,40,0.9861247376934159,0.09302030503749847,0.9027225153235297,0.2462991327047348,0.8530701050101723,0.30269667506217957,1.5
13,48,wider_delay_2.0h_seed48,40,0.985758806237938,0.09423893690109253,0.897117565124503,0.2532954216003418,0.8545618852661914,0.30115610361099243,2.0
13,48,wider_delay_2.5h_seed48,40,0.9864050700384545,0.09207583218812943,0.9009777635216597,0.2484980970621109,0.8515626493467264,0.3042455017566681,2.5
13,48,wider_delay_3.0h_seed48,40,0.9864058376631166,0.0920732319355011,0.901963365791796,0.24725832045078278,0.8527397505777411,0.30303677916526794,3.0
13,48,wider_delay_3.5h_seed48,40,0.9864405614783343,0.09195556491613388,0.9021494658804174,0.24702352285385132,0.8605450042861094,0.2948964834213257,3.5
13,48,wider_delay_4.0h_seed48,40,0.9859290919711345,0.09367381781339645,0.8991976829898405,0.2507217228412628,0.8508542810304728,0.3049705922603607,4.0
14,49,wider_delay_1.5h_seed49,40,0.9858871070837227,0.0938134640455246,0.8988989120903346,0.2510930001735687,0.8478512696317801,0.3080255389213562,1.5
14,49,wider_delay_2.0h_seed49,40,0.9860537473464903,0.09325796365737915,0.9069669211260654,0.24086594581604004,0.860044132007036,0.2954255938529968,2.0
14,49,wider_delay_2.5h_seed49,40,0.9864020861589308,0.09208593517541885,0.9060825439707395,0.24200807511806488,0.8641674332325404,0.29104122519493103,2.5
14,49,wider_delay_3.0h_seed49,40,0.9868598055120082,0.09052281826734543,0.9040014165424393,0.24467472732067108,0.8609645603891566,0.2944525480270386,3.0
14,49,wider_delay_3.5h_seed49,40,0.9868404088016712,0.09058960527181625,0.9038773836679153,0.24483273923397064,0.8538793837617357,0.3018619120121002,3.5
14,49,wider_delay_4.0h_seed49,40,0.9857031370221602,0.09442294389009476,0.8994204081111502,0.25044459104537964,0.852576879271307,0.3032042980194092,4.0
15,50,wider_delay_1.5h_seed50,40,0.9864732198754431,0.09184475988149643,0.9021809116758946,0.2469838261604309,0.858047453090615,0.29752546548843384,1.5
15,50,wider_delay_2.0h_seed50,40,0.9860792477182954,0.09317266196012497,0.9003781548067595,0.24924932420253754,0.85325799484035,0.3025030791759491,2.0
15,50,wider_delay_2.5h_seed50,40,0.9864036856258827,0.09208051860332489,0.8978701495101064,0.2523672878742218,0.8526379440635007,0.3031415045261383,2.5
15,50,wider_delay_3.0h_seed50,40,0.9868772144627627,0.0904628336429596,0.9050433870736173,0.2433432638645172,0.8599738555234352,0.2954997420310974,3.0
15,50,wider_delay_3.5h_seed50,40,0.9862813719537767,0.09249377250671387,0.8999894969611011,0.2497350573539734,0.846578682229916,0.30931103229522705,3.5
15,50,wider_delay_4.0h_seed50,40,0.9864268666959358,0.09200198948383331,0.8995953910596912,0.2502266466617584,0.8550269024403199,0.3006742596626282,4.0
16,51,wider_delay_1.5h_seed51,40,0.9862686941993841,0.09253650158643723,0.8983412510152218,0.2517845630645752,0.8504292409243701,0.3054048418998718,1.5
16,51,wider_delay_2.0h_seed51,40,0.9864537171313492,0.0919109433889389,0.9058140659338598,0.24235373735427856,0.8551963330445262,0.30049851536750793,2.0
16,51,wider_delay_2.5h_seed51,40,0.9853788290432608,0.09548787772655487,0.89714148400085,0.25326597690582275,0.8527352582353688,0.30304139852523804,2.5
16,51,wider_delay_3.0h_seed51,40,0.9865166877420175,0.09169706702232361,0.9092712097590853,0.23786430060863495,0.8682035280565144,0.28668466210365295,3.0
16,51,wider_delay_3.5h_seed51,40,0.9855696046798932,0.09486287087202072,0.9005842908372561,0.24899132549762726,0.8577303725740765,0.2978575825691223,3.5
16,51,wider_delay_4.0h_seed51,40,0.9861076767125959,0.09307748079299927,0.9018024032235713,0.2474612146615982,0.8592272425584216,0.2962864935398102,4.0
17,52,wider_delay_1.5h_seed52,40,0.9859604704959952,0.093569315969944,0.9004850131634269,0.24911561608314514,0.8528623222277343,0.30291062593460083,1.5
17,52,wider_delay_2.0h_seed52,40,0.9867954415281689,0.090744249522686,0.9079594290458164,0.23957768082618713,0.8597922860366484,0.29569128155708313,2.0
17,52,wider_delay_2.5h_seed52,40,0.9861161818146416,0.09304898232221603,0.9007376846701332,0.2487991601228714,0.8614834498285955,0.29390257596969604,2.5
17,52,wider_delay_3.0h_seed52,40,0.9862319199003897,0.0926603302359581,0.9007124276748296,0.24883081018924713,0.8547089616880079,0.3010037839412689,3.0
17,52,wider_delay_3.5h_seed52,40,0.9861077274893245,0.09307730942964554,0.8996784022249557,0.25012317299842834,0.8540994965902593,0.30163446068763733,3.5
17,56,wider_delay_4.0h_seed56,40,0.9859141412114192,0.09372357279062271,0.9025643843105968,0.24649924039840698,0.853183871191207,0.30257946252822876,4.0
18,53,wider_delay_1.5h_seed53,40,0.986340743390445,0.09229341149330139,0.9062613740112804,0.24177756905555725,0.8576260211956731,0.2979668080806732,1.5
18,53,wider_delay_2.0h_seed53,40,0.9859444653724442,0.09362263232469559,0.902563810831044,0.2464999556541443,0.8644572012632729,0.29073062539100647,2.0
18,53,wider_delay_2.5h_seed53,40,0.9860470328708454,0.09328041225671768,0.9033699856861053,0.245478093624115,0.8543818450874461,0.3013424575328827,2.5
18,53,wider_delay_3.0h_seed53,40,0.9858682360618704,0.09387616813182831,0.8979610460192216,0.2522549629211426,0.8549868178428224,0.300715833902359,3.0
18,53,wider_delay_3.5h_seed53,40,0.9854069100676269,0.09539613872766495,0.8958276423454384,0.25487834215164185,0.8507729529067275,0.3050537109375,3.5
18,53,wider_delay_4.0h_seed53,40,0.9862343079000686,0.09265229851007462,0.9049558239144027,0.2434554249048233,0.8552402767552851,0.30045291781425476,4.0
19,54,wider_delay_1.5h_seed54,40,0.9847856239372973,0.09740567207336426,0.8961483129953661,0.25448575615882874,0.844351507917095,0.31154802441596985,1.5
19,54,wider_delay_2.0h_seed54,40,0.986291842413907,0.09245847165584564,0.8940513850106377,0.25704213976860046,0.8467197608967567,0.3091687858104706,2.0
19,54,wider_delay_2.5h_seed54,40,0.9865377137879703,0.09162554889917374,0.9036490253047487,0.24512340128421783,0.856406147130369,0.2992405891418457,2.5
19,54,wider_delay_3.0h_seed54,40,0.9862213643145673,0.09269584715366364,0.9050873000756221,0.24328698217868805,0.8548012219747072,0.3009082078933716,3.0
19,54,wider_delay_3.5h_seed54,40,0.9860600974244356,0.09323672950267792,0.9001209432535938,0.24957089126110077,0.8540040701580052,0.3017330765724182,3.5
19,54,wider_delay_4.0h_seed54,40,0.9860827692337693,0.09316088259220123,0.9038547551205619,0.24486155807971954,0.8576697140043313,0.2979210615158081,4.0
20,55,wider_delay_1.5h_seed55,40,0.9852809404710596,0.09580699354410172,0.9011264201744811,0.24831150472164154,0.858070309077206,0.29750150442123413,1.5
20,55,wider_delay_2.5h_seed55,40,0.9859891966835016,0.09347353875637054,0.9011760082345602,0.24824923276901245,0.8558129309305629,0.29985806345939636,2.5
20,55,wider_delay_3.5h_seed55,40,0.9860990730439594,0.09310629218816757,0.9023463067631627,0.24677492678165436,0.8573529082853315,0.2982524633407593,3.5
20,55,wider_delay_2.0h_seed55,40,0.9859422371701172,0.09363005310297012,0.9015787999616964,0.24774280190467834,0.8565009761766694,0.2991417646408081,2.0
20,55,wider_delay_3.0h_seed55,40,0.9863644755373472,0.09221319854259491,0.8994157007998211,0.2504504323005676,0.8432568101045426,0.3126417100429535,3.0
20,55,wider_delay_4.0h_seed55,40,0.9862934478545917,0.09245305508375168,0.9016334597315705,0.24767398834228516,0.8638734715524125,0.29135599732398987,4.0
21,56,wider_delay_1.5h_seed56,40,0.9857003801444821,0.0944320484995842,0.8961066401478643,0.25453680753707886,0.8374883796486879,0.3183425962924957,1.5
21,56,wider_delay_2.5h_seed56,40,0.985893863375497,0.09379100799560547,0.9045014966862059,0.24403661489486694,0.8588412237028188,0.29669246077537537,2.5
21,56,wider_delay_3.5h_seed56,40,0.9864765308168365,0.09183351695537567,0.9010868859278115,0.24836114048957825,0.8596583640535337,0.29583245515823364,3.5
21,56,wider_delay_2.0h_seed56,40,0.986098878897644,0.0931069478392601,0.8969047086304973,0.2535572946071625,0.8520683723997444,0.30372676253318787,2.0
21,56,wider_delay_3.0h_seed56,40,0.9863295008253529,0.09233138710260391,0.900859441547682,0.24864652752876282,0.8562166324103971,0.2994379699230194,3.0
21,56,wider_delay_4.0h_seed56,40,0.9862382087475741,0.09263917058706284,0.9035359482791808,0.24526719748973846,0.8532409573929487,0.30252063274383545,4.0
21,52,wider_delay_4.0h_seed52,40,0.9858609944043077,0.09390021860599518,0.8948003134640923,0.2561320662498474,0.8482538838691785,0.307617723941803,4.0
